Name,SuS ID,Quiz ID,Fragennutzung ID,Quiz Startzeit,Quiz Abgabezeit,Punktzahl,Anzahl Versuche,Quiz Bearbeitungsdauer,Beste Punktzahl in %,Anmelde ID,Klassen ID,Klasse,Fach,Aufgabe,Maximale Punktzahl,Maximale Note in %,Alle Fächer
Alina Neue,2,2.0,20.0,2023-09-12 18:57:49,2023-09-12 18:58:08,6.00000,1.0,0 days 00:00:19,,16.0,7.0,Mathematik,Organisation,Zahlworte,6.00000,100.00000,Alle Fächer
Alina Neue,2,2.0,20.0,2023-09-12 18:57:49,2023-09-12 18:58:08,6.00000,1.0,0 days 00:00:19,,16.0,7.0,Mathematik,Runden,Zahlworte,6.00000,100.00000,Alle Fächer
Alina Neue,2,2.0,20.0,2023-09-12 18:57:49,2023-09-12 18:58:08,6.00000,1.0,0 days 00:00:19,,16.0,7.0,Mathematik,Zahlworte,Zahlworte,6.00000,100.00000,Alle Fächer
Alina Neue,2,2.0,20.0,2023-09-12 18:57:49,2023-09-12 18:58:08,6.00000,1.0,0 days 00:00:19,,16.0,7.0,Mathematik,Ausklammern,Zahlworte,6.00000,100.00000,Alle Fächer
Elijah Hickman,93,,,,,,,,,10.0,5.0,Klasse 8.2,Organisation,,,,Alle Fächer
Elijah Hickman,93,,,,,,,,,10.0,5.0,Klasse 8.2,Biologie,,,,Alle Fächer
Elijah Hickman,93,,,,,,,,,10.0,5.0,Klasse 8.2,Chemie,,,,Alle Fächer
Jakeem Lamb,94,,,,,,,,,10.0,5.0,Klasse 8.2,Organisation,,,,Alle Fächer
Jakeem Lamb,94,,,,,,,,,10.0,5.0,Klasse 8.2,Biologie,,,,Alle Fächer
Jakeem Lamb,94,,,,,,,,,10.0,5.0,Klasse 8.2,Chemie,,,,Alle Fächer
Camilla Ray,95,,,,,,,,,10.0,5.0,Klasse 8.2,Organisation,,,,Alle Fächer
Camilla Ray,95,,,,,,,,,10.0,5.0,Klasse 8.2,Biologie,,,,Alle Fächer
Camilla Ray,95,,,,,,,,,10.0,5.0,Klasse 8.2,Chemie,,,,Alle Fächer
Kelly Berg,96,,,,,,,,,10.0,5.0,Klasse 8.2,Organisation,,,,Alle Fächer
Kelly Berg,96,,,,,,,,,10.0,5.0,Klasse 8.2,Biologie,,,,Alle Fächer
Kelly Berg,96,,,,,,,,,10.0,5.0,Klasse 8.2,Chemie,,,,Alle Fächer
Wylie Randall,97,,,,,,,,,10.0,5.0,Klasse 8.2,Organisation,,,,Alle Fächer
Wylie Randall,97,,,,,,,,,10.0,5.0,Klasse 8.2,Biologie,,,,Alle Fächer
Wylie Randall,97,,,,,,,,,10.0,5.0,Klasse 8.2,Chemie,,,,Alle Fächer
Brenda Dodson,98,,,,,,,,,10.0,5.0,Klasse 8.2,Organisation,,,,Alle Fächer
Brenda Dodson,98,,,,,,,,,10.0,5.0,Klasse 8.2,Biologie,,,,Alle Fächer
Brenda Dodson,98,,,,,,,,,10.0,5.0,Klasse 8.2,Chemie,,,,Alle Fächer
September Hoover,99,,,,,,,,,10.0,5.0,Klasse 8.2,Organisation,,,,Alle Fächer
September Hoover,99,,,,,,,,,10.0,5.0,Klasse 8.2,Biologie,,,,Alle Fächer
September Hoover,99,,,,,,,,,10.0,5.0,Klasse 8.2,Chemie,,,,Alle Fächer
Tatum Blake,100,,,,,,,,,10.0,5.0,Klasse 8.2,Organisation,,,,Alle Fächer
Tatum Blake,100,,,,,,,,,10.0,5.0,Klasse 8.2,Biologie,,,,Alle Fächer
Tatum Blake,100,,,,,,,,,10.0,5.0,Klasse 8.2,Chemie,,,,Alle Fächer
Ruby Mckee,101,,,,,,,,,10.0,5.0,Klasse 8.2,Organisation,,,,Alle Fächer
Ruby Mckee,101,,,,,,,,,10.0,5.0,Klasse 8.2,Biologie,,,,Alle Fächer
Ruby Mckee,101,,,,,,,,,10.0,5.0,Klasse 8.2,Chemie,,,,Alle Fächer
Allistair Wiley,102,,,,,,,,,10.0,5.0,Klasse 8.2,Organisation,,,,Alle Fächer
Allistair Wiley,102,,,,,,,,,10.0,5.0,Klasse 8.2,Biologie,,,,Alle Fächer
Allistair Wiley,102,,,,,,,,,10.0,5.0,Klasse 8.2,Chemie,,,,Alle Fächer
Kibo Mccullough,103,,,,,,,,,10.0,5.0,Klasse 8.2,Organisation,,,,Alle Fächer
Kibo Mccullough,103,,,,,,,,,10.0,5.0,Klasse 8.2,Biologie,,,,Alle Fächer
Kibo Mccullough,103,,,,,,,,,10.0,5.0,Klasse 8.2,Chemie,,,,Alle Fächer
Danielle Bradford,104,,,,,,,,,10.0,5.0,Klasse 8.2,Organisation,,,,Alle Fächer
Danielle Bradford,104,,,,,,,,,10.0,5.0,Klasse 8.2,Biologie,,,,Alle Fächer
Danielle Bradford,104,,,,,,,,,10.0,5.0,Klasse 8.2,Chemie,,,,Alle Fächer
Hakeem Benton,105,,,,,,,,,10.0,5.0,Klasse 8.2,Organisation,,,,Alle Fächer
Hakeem Benton,105,,,,,,,,,10.0,5.0,Klasse 8.2,Biologie,,,,Alle Fächer
Hakeem Benton,105,,,,,,,,,10.0,5.0,Klasse 8.2,Chemie,,,,Alle Fächer
Germaine Farrell,106,,,,,,,,,10.0,5.0,Klasse 8.2,Organisation,,,,Alle Fächer
Germaine Farrell,106,,,,,,,,,10.0,5.0,Klasse 8.2,Biologie,,,,Alle Fächer
Germaine Farrell,106,,,,,,,,,10.0,5.0,Klasse 8.2,Chemie,,,,Alle Fächer
Troy Bullock,107,,,,,,,,,10.0,5.0,Klasse 8.2,Organisation,,,,Alle Fächer
Troy Bullock,107,,,,,,,,,10.0,5.0,Klasse 8.2,Biologie,,,,Alle Fächer
Troy Bullock,107,,,,,,,,,10.0,5.0,Klasse 8.2,Chemie,,,,Alle Fächer
Alexandra Wolf,108,,,,,,,,,10.0,5.0,Klasse 8.2,Organisation,,,,Alle Fächer
Alexandra Wolf,108,,,,,,,,,10.0,5.0,Klasse 8.2,Biologie,,,,Alle Fächer
Alexandra Wolf,108,,,,,,,,,10.0,5.0,Klasse 8.2,Chemie,,,,Alle Fächer
Cadman Knowles,109,,,,,,,,,10.0,5.0,Klasse 8.2,Organisation,,,,Alle Fächer
Cadman Knowles,109,,,,,,,,,10.0,5.0,Klasse 8.2,Biologie,,,,Alle Fächer
Cadman Knowles,109,,,,,,,,,10.0,5.0,Klasse 8.2,Chemie,,,,Alle Fächer
Brady Elliott,110,,,,,,,,,10.0,5.0,Klasse 8.2,Organisation,,,,Alle Fächer
Brady Elliott,110,,,,,,,,,10.0,5.0,Klasse 8.2,Biologie,,,,Alle Fächer
Brady Elliott,110,,,,,,,,,10.0,5.0,Klasse 8.2,Chemie,,,,Alle Fächer
Leigh Shelton,111,,,,,,,,,10.0,5.0,Klasse 8.2,Organisation,,,,Alle Fächer
Leigh Shelton,111,,,,,,,,,10.0,5.0,Klasse 8.2,Biologie,,,,Alle Fächer
Leigh Shelton,111,,,,,,,,,10.0,5.0,Klasse 8.2,Chemie,,,,Alle Fächer
Phelan Tyson,112,,,,,,,,,10.0,5.0,Klasse 8.2,Organisation,,,,Alle Fächer
Phelan Tyson,112,,,,,,,,,10.0,5.0,Klasse 8.2,Biologie,,,,Alle Fächer
Phelan Tyson,112,,,,,,,,,10.0,5.0,Klasse 8.2,Chemie,,,,Alle Fächer
Velma Mason,113,,,,,,,,,10.0,5.0,Klasse 8.2,Organisation,,,,Alle Fächer
Velma Mason,113,,,,,,,,,10.0,5.0,Klasse 8.2,Biologie,,,,Alle Fächer
Velma Mason,113,,,,,,,,,10.0,5.0,Klasse 8.2,Chemie,,,,Alle Fächer
Cameron Conrad,114,,,,,,,,,10.0,5.0,Klasse 8.2,Organisation,,,,Alle Fächer
Cameron Conrad,114,,,,,,,,,10.0,5.0,Klasse 8.2,Biologie,,,,Alle Fächer
Cameron Conrad,114,,,,,,,,,10.0,5.0,Klasse 8.2,Chemie,,,,Alle Fächer
Wilma Frye,115,,,,,,,,,10.0,5.0,Klasse 8.2,Organisation,,,,Alle Fächer
Wilma Frye,115,,,,,,,,,10.0,5.0,Klasse 8.2,Biologie,,,,Alle Fächer
Wilma Frye,115,,,,,,,,,10.0,5.0,Klasse 8.2,Chemie,,,,Alle Fächer
Indira Cook,116,,,,,,,,,10.0,5.0,Klasse 8.2,Organisation,,,,Alle Fächer
Indira Cook,116,,,,,,,,,10.0,5.0,Klasse 8.2,Biologie,,,,Alle Fächer
Indira Cook,116,,,,,,,,,10.0,5.0,Klasse 8.2,Chemie,,,,Alle Fächer
Doris Serrano,117,,,,,,,,,10.0,5.0,Klasse 8.2,Organisation,,,,Alle Fächer
Doris Serrano,117,,,,,,,,,10.0,5.0,Klasse 8.2,Biologie,,,,Alle Fächer
Doris Serrano,117,,,,,,,,,10.0,5.0,Klasse 8.2,Chemie,,,,Alle Fächer
Linda Mcgowan,118,,,,,,,,,10.0,5.0,Klasse 8.2,Organisation,,,,Alle Fächer
Linda Mcgowan,118,,,,,,,,,10.0,5.0,Klasse 8.2,Biologie,,,,Alle Fächer
Linda Mcgowan,118,,,,,,,,,10.0,5.0,Klasse 8.2,Chemie,,,,Alle Fächer
Bo Lane,119,,,,,,,,,10.0,5.0,Klasse 8.2,Organisation,,,,Alle Fächer
Bo Lane,119,,,,,,,,,10.0,5.0,Klasse 8.2,Biologie,,,,Alle Fächer
Bo Lane,119,,,,,,,,,10.0,5.0,Klasse 8.2,Chemie,,,,Alle Fächer
Mia Hinton,120,,,,,,,,,10.0,5.0,Klasse 8.2,Organisation,,,,Alle Fächer
Mia Hinton,120,,,,,,,,,10.0,5.0,Klasse 8.2,Biologie,,,,Alle Fächer
Mia Hinton,120,,,,,,,,,10.0,5.0,Klasse 8.2,Chemie,,,,Alle Fächer
Remedios Gardner,121,,,,,,,,,10.0,5.0,Klasse 8.2,Organisation,,,,Alle Fächer
Remedios Gardner,121,,,,,,,,,10.0,5.0,Klasse 8.2,Biologie,,,,Alle Fächer
Remedios Gardner,121,,,,,,,,,10.0,5.0,Klasse 8.2,Chemie,,,,Alle Fächer
Adrienne Hoffman,122,,,,,,,,,10.0,5.0,Klasse 8.2,Organisation,,,,Alle Fächer
Adrienne Hoffman,122,,,,,,,,,10.0,5.0,Klasse 8.2,Biologie,,,,Alle Fächer
Adrienne Hoffman,122,,,,,,,,,10.0,5.0,Klasse 8.2,Chemie,,,,Alle Fächer
Jane Joyner,123,,,,,,,,,7.0,4.0,Klasse 3b,Organisation,,,,Alle Fächer
Jane Joyner,123,,,,,,,,,7.0,4.0,Klasse 3b,Mathematik,,,,Alle Fächer
Akeem Blackburn,124,,,,,,,,,7.0,4.0,Klasse 3b,Organisation,,,,Alle Fächer
Akeem Blackburn,124,,,,,,,,,7.0,4.0,Klasse 3b,Mathematik,,,,Alle Fächer
Ian Villarreal,125,,,,,,,,,7.0,4.0,Klasse 3b,Organisation,,,,Alle Fächer
Ian Villarreal,125,,,,,,,,,7.0,4.0,Klasse 3b,Mathematik,,,,Alle Fächer
Griffith Campbell,126,,,,,,,,,7.0,4.0,Klasse 3b,Organisation,,,,Alle Fächer
Griffith Campbell,126,,,,,,,,,7.0,4.0,Klasse 3b,Mathematik,,,,Alle Fächer
Savannah Macdonald,127,,,,,,,,,7.0,4.0,Klasse 3b,Organisation,,,,Alle Fächer
Savannah Macdonald,127,,,,,,,,,7.0,4.0,Klasse 3b,Mathematik,,,,Alle Fächer
Serina Mclean,128,,,,,,,,,7.0,4.0,Klasse 3b,Organisation,,,,Alle Fächer
Serina Mclean,128,,,,,,,,,7.0,4.0,Klasse 3b,Mathematik,,,,Alle Fächer
Robert Rhodes,129,,,,,,,,,7.0,4.0,Klasse 3b,Organisation,,,,Alle Fächer
Robert Rhodes,129,,,,,,,,,7.0,4.0,Klasse 3b,Mathematik,,,,Alle Fächer
Uta Witt,130,,,,,,,,,7.0,4.0,Klasse 3b,Organisation,,,,Alle Fächer
Uta Witt,130,,,,,,,,,7.0,4.0,Klasse 3b,Mathematik,,,,Alle Fächer
Aquila Duran,131,,,,,,,,,7.0,4.0,Klasse 3b,Organisation,,,,Alle Fächer
Aquila Duran,131,,,,,,,,,7.0,4.0,Klasse 3b,Mathematik,,,,Alle Fächer
Carter Cash,132,,,,,,,,,7.0,4.0,Klasse 3b,Organisation,,,,Alle Fächer
Carter Cash,132,,,,,,,,,7.0,4.0,Klasse 3b,Mathematik,,,,Alle Fächer
Gil Richardson,133,,,,,,,,,7.0,4.0,Klasse 3b,Organisation,,,,Alle Fächer
Gil Richardson,133,,,,,,,,,7.0,4.0,Klasse 3b,Mathematik,,,,Alle Fächer
Michael Graham,134,,,,,,,,,7.0,4.0,Klasse 3b,Organisation,,,,Alle Fächer
Michael Graham,134,,,,,,,,,7.0,4.0,Klasse 3b,Mathematik,,,,Alle Fächer
Elton Bowman,135,,,,,,,,,7.0,4.0,Klasse 3b,Organisation,,,,Alle Fächer
Elton Bowman,135,,,,,,,,,7.0,4.0,Klasse 3b,Mathematik,,,,Alle Fächer
Geraldine Buck,136,,,,,,,,,7.0,4.0,Klasse 3b,Organisation,,,,Alle Fächer
Geraldine Buck,136,,,,,,,,,7.0,4.0,Klasse 3b,Mathematik,,,,Alle Fächer
Shannon Roach,137,,,,,,,,,7.0,4.0,Klasse 3b,Organisation,,,,Alle Fächer
Shannon Roach,137,,,,,,,,,7.0,4.0,Klasse 3b,Mathematik,,,,Alle Fächer
Desiree Puckett,138,,,,,,,,,7.0,4.0,Klasse 3b,Organisation,,,,Alle Fächer
Desiree Puckett,138,,,,,,,,,7.0,4.0,Klasse 3b,Mathematik,,,,Alle Fächer
Magee Guerra,139,,,,,,,,,7.0,4.0,Klasse 3b,Organisation,,,,Alle Fächer
Magee Guerra,139,,,,,,,,,7.0,4.0,Klasse 3b,Mathematik,,,,Alle Fächer
Cassidy Mccall,140,,,,,,,,,7.0,4.0,Klasse 3b,Organisation,,,,Alle Fächer
Cassidy Mccall,140,,,,,,,,,7.0,4.0,Klasse 3b,Mathematik,,,,Alle Fächer
Nerea Rocha,141,,,,,,,,,7.0,4.0,Klasse 3b,Organisation,,,,Alle Fächer
Nerea Rocha,141,,,,,,,,,7.0,4.0,Klasse 3b,Mathematik,,,,Alle Fächer
Demetrius Koch,142,,,,,,,,,7.0,4.0,Klasse 3b,Organisation,,,,Alle Fächer
Demetrius Koch,142,,,,,,,,,7.0,4.0,Klasse 3b,Mathematik,,,,Alle Fächer
Rinah Christensen,143,,,,,,,,,7.0,4.0,Klasse 3b,Organisation,,,,Alle Fächer
Rinah Christensen,143,,,,,,,,,7.0,4.0,Klasse 3b,Mathematik,,,,Alle Fächer
Eric Swanson,144,,,,,,,,,7.0,4.0,Klasse 3b,Organisation,,,,Alle Fächer
Eric Swanson,144,,,,,,,,,7.0,4.0,Klasse 3b,Mathematik,,,,Alle Fächer
Daria Barber,145,,,,,,,,,7.0,4.0,Klasse 3b,Organisation,,,,Alle Fächer
Daria Barber,145,,,,,,,,,7.0,4.0,Klasse 3b,Mathematik,,,,Alle Fächer
Theodore Diaz,146,,,,,,,,,7.0,4.0,Klasse 3b,Organisation,,,,Alle Fächer
Theodore Diaz,146,,,,,,,,,7.0,4.0,Klasse 3b,Mathematik,,,,Alle Fächer
Chaim Maynard,147,,,,,,,,,7.0,4.0,Klasse 3b,Organisation,,,,Alle Fächer
Chaim Maynard,147,,,,,,,,,7.0,4.0,Klasse 3b,Mathematik,,,,Alle Fächer
Carissa Rivera,148,,,,,,,,,7.0,4.0,Klasse 3b,Organisation,,,,Alle Fächer
Carissa Rivera,148,,,,,,,,,7.0,4.0,Klasse 3b,Mathematik,,,,Alle Fächer
Madonna Wade,149,,,,,,,,,7.0,4.0,Klasse 3b,Organisation,,,,Alle Fächer
Madonna Wade,149,,,,,,,,,7.0,4.0,Klasse 3b,Mathematik,,,,Alle Fächer
Cruz Dodson,150,,,,,,,,,7.0,4.0,Klasse 3b,Organisation,,,,Alle Fächer
Cruz Dodson,150,,,,,,,,,7.0,4.0,Klasse 3b,Mathematik,,,,Alle Fächer
Joy Silva,151,,,,,,,,,7.0,4.0,Klasse 3b,Organisation,,,,Alle Fächer
Joy Silva,151,,,,,,,,,7.0,4.0,Klasse 3b,Mathematik,,,,Alle Fächer
Uriah Gallagher,152,,,,,,,,,7.0,4.0,Klasse 3b,Organisation,,,,Alle Fächer
Uriah Gallagher,152,,,,,,,,,7.0,4.0,Klasse 3b,Mathematik,,,,Alle Fächer
Pandora Sykes,153,3.0,4.0,2023-09-10 06:47:35,2023-09-10 06:56:35,70.00000,1.0,0 days 00:09:00,38.88890,1.0,2.0,Klasse 1a,Organisation,Runden,180.00000,100.00000,Alle Fächer
Pandora Sykes,153,3.0,4.0,2023-09-10 06:47:35,2023-09-10 06:56:35,70.00000,1.0,0 days 00:09:00,38.88890,1.0,2.0,Klasse 1a,Mathematik,Runden,180.00000,100.00000,Alle Fächer
Pandora Sykes,153,3.0,5.0,2023-09-10 07:06:10,2023-09-10 07:06:58,7.00000,2.0,0 days 00:00:48,38.88890,1.0,2.0,Klasse 1a,Organisation,Runden,180.00000,100.00000,Alle Fächer
Pandora Sykes,153,3.0,5.0,2023-09-10 07:06:10,2023-09-10 07:06:58,7.00000,2.0,0 days 00:00:48,38.88890,1.0,2.0,Klasse 1a,Mathematik,Runden,180.00000,100.00000,Alle Fächer
Pandora Sykes,153,2.0,11.0,2023-09-10 07:43:07,2023-09-10 07:47:37,6.00000,1.0,0 days 00:04:30,100.00000,1.0,2.0,Klasse 1a,Organisation,Zahlworte,6.00000,100.00000,Alle Fächer
Pandora Sykes,153,2.0,11.0,2023-09-10 07:43:07,2023-09-10 07:47:37,6.00000,1.0,0 days 00:04:30,100.00000,1.0,2.0,Klasse 1a,Mathematik,Zahlworte,6.00000,100.00000,Alle Fächer
Pandora Sykes,153,2.0,12.0,2023-09-10 07:56:08,2023-09-10 07:56:18,6.00000,2.0,0 days 00:00:10,100.00000,1.0,2.0,Klasse 1a,Organisation,Zahlworte,6.00000,100.00000,Alle Fächer
Pandora Sykes,153,2.0,12.0,2023-09-10 07:56:08,2023-09-10 07:56:18,6.00000,2.0,0 days 00:00:10,100.00000,1.0,2.0,Klasse 1a,Mathematik,Zahlworte,6.00000,100.00000,Alle Fächer
Pandora Sykes,153,5.0,15.0,2023-09-12 17:56:16,2023-09-12 17:58:06,19.00000,1.0,0 days 00:01:50,4.14290,1.0,2.0,Klasse 1a,Organisation,Ausklammern Division,700.00000,100.00000,Alle Fächer
Pandora Sykes,153,5.0,15.0,2023-09-12 17:56:16,2023-09-12 17:58:06,19.00000,1.0,0 days 00:01:50,4.14290,1.0,2.0,Klasse 1a,Mathematik,Ausklammern Division,700.00000,100.00000,Alle Fächer
Pandora Sykes,153,5.0,16.0,2023-09-12 18:18:53,2023-09-12 18:20:34,29.00000,2.0,0 days 00:01:41,4.14290,1.0,2.0,Klasse 1a,Organisation,Ausklammern Division,700.00000,100.00000,Alle Fächer
Pandora Sykes,153,5.0,16.0,2023-09-12 18:18:53,2023-09-12 18:20:34,29.00000,2.0,0 days 00:01:41,4.14290,1.0,2.0,Klasse 1a,Mathematik,Ausklammern Division,700.00000,100.00000,Alle Fächer
Pandora Sykes,153,2.0,18.0,2023-09-12 18:31:48,2023-09-12 18:31:58,6.00000,3.0,0 days 00:00:10,100.00000,1.0,2.0,Klasse 1a,Organisation,Zahlworte,6.00000,100.00000,Alle Fächer
Pandora Sykes,153,2.0,18.0,2023-09-12 18:31:48,2023-09-12 18:31:58,6.00000,3.0,0 days 00:00:10,100.00000,1.0,2.0,Klasse 1a,Mathematik,Zahlworte,6.00000,100.00000,Alle Fächer
Pandora Sykes,153,3.0,19.0,2023-09-12 18:33:10,2023-09-12 18:33:46,0.00000,3.0,0 days 00:00:36,38.88890,1.0,2.0,Klasse 1a,Organisation,Runden,180.00000,100.00000,Alle Fächer
Pandora Sykes,153,3.0,19.0,2023-09-12 18:33:10,2023-09-12 18:33:46,0.00000,3.0,0 days 00:00:36,38.88890,1.0,2.0,Klasse 1a,Mathematik,Runden,180.00000,100.00000,Alle Fächer
Pandora Sykes,153,9.0,21.0,2023-09-14 08:34:43,2023-09-14 08:35:51,0.00000,1.0,0 days 00:01:08,0.00000,1.0,2.0,Klasse 1a,Organisation,Auswahl der übermittelten Daten,0.00000,0.00000,Alle Fächer
Pandora Sykes,153,9.0,21.0,2023-09-14 08:34:43,2023-09-14 08:35:51,0.00000,1.0,0 days 00:01:08,0.00000,1.0,2.0,Klasse 1a,Mathematik,Auswahl der übermittelten Daten,0.00000,0.00000,Alle Fächer
Pandora Sykes,153,6.0,22.0,2023-09-14 10:05:05,2023-09-14 10:07:00,30.00000,1.0,0 days 00:01:55,2.50000,1.0,2.0,Klasse 1a,Organisation,Ausklammern Multiplikation,1200.00000,100.00000,Alle Fächer
Pandora Sykes,153,6.0,22.0,2023-09-14 10:05:05,2023-09-14 10:07:00,30.00000,1.0,0 days 00:01:55,2.50000,1.0,2.0,Klasse 1a,Mathematik,Ausklammern Multiplikation,1200.00000,100.00000,Alle Fächer
Pandora Sykes,153,9.0,23.0,2023-10-21 14:11:30,2023-10-21 14:12:15,0.00000,2.0,0 days 00:00:45,0.00000,1.0,2.0,Klasse 1a,Organisation,Auswahl der übermittelten Daten,0.00000,0.00000,Alle Fächer
Pandora Sykes,153,9.0,23.0,2023-10-21 14:11:30,2023-10-21 14:12:15,0.00000,2.0,0 days 00:00:45,0.00000,1.0,2.0,Klasse 1a,Mathematik,Auswahl der übermittelten Daten,0.00000,0.00000,Alle Fächer
Pandora Sykes,153,3.0,24.0,2023-10-21 14:12:30,2023-10-21 14:13:16,8.00000,4.0,0 days 00:00:46,38.88890,1.0,2.0,Klasse 1a,Organisation,Runden,180.00000,100.00000,Alle Fächer
Pandora Sykes,153,3.0,24.0,2023-10-21 14:12:30,2023-10-21 14:13:16,8.00000,4.0,0 days 00:00:46,38.88890,1.0,2.0,Klasse 1a,Mathematik,Runden,180.00000,100.00000,Alle Fächer
Urielle Brady,154,2.0,13.0,2023-09-10 07:57:17,2023-09-10 07:57:38,5.00000,1.0,0 days 00:00:21,83.33330,1.0,2.0,Klasse 1a,Organisation,Zahlworte,6.00000,100.00000,Alle Fächer
Urielle Brady,154,2.0,13.0,2023-09-10 07:57:17,2023-09-10 07:57:38,5.00000,1.0,0 days 00:00:21,83.33330,1.0,2.0,Klasse 1a,Mathematik,Zahlworte,6.00000,100.00000,Alle Fächer
Ciaran Cameron,155,,,,,,,,,1.0,2.0,Klasse 1a,Organisation,,,,Alle Fächer
Ciaran Cameron,155,,,,,,,,,1.0,2.0,Klasse 1a,Mathematik,,,,Alle Fächer
Keith Cabrera,156,,,,,,,,,1.0,2.0,Klasse 1a,Organisation,,,,Alle Fächer
Keith Cabrera,156,,,,,,,,,1.0,2.0,Klasse 1a,Mathematik,,,,Alle Fächer
Pearl Ramos,157,,,,,,,,,1.0,2.0,Klasse 1a,Organisation,,,,Alle Fächer
Pearl Ramos,157,,,,,,,,,1.0,2.0,Klasse 1a,Mathematik,,,,Alle Fächer
Evangeline Guerra,158,,,,,,,,,1.0,2.0,Klasse 1a,Organisation,,,,Alle Fächer
Evangeline Guerra,158,,,,,,,,,1.0,2.0,Klasse 1a,Mathematik,,,,Alle Fächer
Jack Holcomb,159,,,,,,,,,1.0,2.0,Klasse 1a,Organisation,,,,Alle Fächer
Jack Holcomb,159,,,,,,,,,1.0,2.0,Klasse 1a,Mathematik,,,,Alle Fächer
Forrest Singleton,160,,,,,,,,,1.0,2.0,Klasse 1a,Organisation,,,,Alle Fächer
Forrest Singleton,160,,,,,,,,,1.0,2.0,Klasse 1a,Mathematik,,,,Alle Fächer
Rose Crosby,161,,,,,,,,,1.0,2.0,Klasse 1a,Organisation,,,,Alle Fächer
Rose Crosby,161,,,,,,,,,1.0,2.0,Klasse 1a,Mathematik,,,,Alle Fächer
Clementine Morris,162,,,,,,,,,1.0,2.0,Klasse 1a,Organisation,,,,Alle Fächer
Clementine Morris,162,,,,,,,,,1.0,2.0,Klasse 1a,Mathematik,,,,Alle Fächer
Teegan Fitzpatrick,163,,,,,,,,,1.0,2.0,Klasse 1a,Organisation,,,,Alle Fächer
Teegan Fitzpatrick,163,,,,,,,,,1.0,2.0,Klasse 1a,Mathematik,,,,Alle Fächer
Finn Mcfadden,164,,,,,,,,,1.0,2.0,Klasse 1a,Organisation,,,,Alle Fächer
Finn Mcfadden,164,,,,,,,,,1.0,2.0,Klasse 1a,Mathematik,,,,Alle Fächer
Portia Cantrell,165,,,,,,,,,1.0,2.0,Klasse 1a,Organisation,,,,Alle Fächer
Portia Cantrell,165,,,,,,,,,1.0,2.0,Klasse 1a,Mathematik,,,,Alle Fächer
Camden Scott,166,,,,,,,,,1.0,2.0,Klasse 1a,Organisation,,,,Alle Fächer
Camden Scott,166,,,,,,,,,1.0,2.0,Klasse 1a,Mathematik,,,,Alle Fächer
Sheila Mathis,167,,,,,,,,,1.0,2.0,Klasse 1a,Organisation,,,,Alle Fächer
Sheila Mathis,167,,,,,,,,,1.0,2.0,Klasse 1a,Mathematik,,,,Alle Fächer
Claudia Jennings,168,,,,,,,,,1.0,2.0,Klasse 1a,Organisation,,,,Alle Fächer
Claudia Jennings,168,,,,,,,,,1.0,2.0,Klasse 1a,Mathematik,,,,Alle Fächer
Austin Key,169,,,,,,,,,1.0,2.0,Klasse 1a,Organisation,,,,Alle Fächer
Austin Key,169,,,,,,,,,1.0,2.0,Klasse 1a,Mathematik,,,,Alle Fächer
Martena Warner,170,,,,,,,,,1.0,2.0,Klasse 1a,Organisation,,,,Alle Fächer
Martena Warner,170,,,,,,,,,1.0,2.0,Klasse 1a,Mathematik,,,,Alle Fächer
Dai Church,171,,,,,,,,,1.0,2.0,Klasse 1a,Organisation,,,,Alle Fächer
Dai Church,171,,,,,,,,,1.0,2.0,Klasse 1a,Mathematik,,,,Alle Fächer
Ebony Schneider,172,,,,,,,,,1.0,2.0,Klasse 1a,Organisation,,,,Alle Fächer
Ebony Schneider,172,,,,,,,,,1.0,2.0,Klasse 1a,Mathematik,,,,Alle Fächer
Scarlet Burton,173,,,,,,,,,1.0,2.0,Klasse 1a,Organisation,,,,Alle Fächer
Scarlet Burton,173,,,,,,,,,1.0,2.0,Klasse 1a,Mathematik,,,,Alle Fächer
Elijah Cooke,174,,,,,,,,,1.0,2.0,Klasse 1a,Organisation,,,,Alle Fächer
Elijah Cooke,174,,,,,,,,,1.0,2.0,Klasse 1a,Mathematik,,,,Alle Fächer
Sybill Mcdowell,175,,,,,,,,,1.0,2.0,Klasse 1a,Organisation,,,,Alle Fächer
Sybill Mcdowell,175,,,,,,,,,1.0,2.0,Klasse 1a,Mathematik,,,,Alle Fächer
Shaine Cervantes,176,,,,,,,,,1.0,2.0,Klasse 1a,Organisation,,,,Alle Fächer
Shaine Cervantes,176,,,,,,,,,1.0,2.0,Klasse 1a,Mathematik,,,,Alle Fächer
Thane Ross,177,,,,,,,,,1.0,2.0,Klasse 1a,Organisation,,,,Alle Fächer
Thane Ross,177,,,,,,,,,1.0,2.0,Klasse 1a,Mathematik,,,,Alle Fächer
Nero Aguirre,178,,,,,,,,,1.0,2.0,Klasse 1a,Organisation,,,,Alle Fächer
Nero Aguirre,178,,,,,,,,,1.0,2.0,Klasse 1a,Mathematik,,,,Alle Fächer
Hedley Harding,179,,,,,,,,,1.0,2.0,Klasse 1a,Organisation,,,,Alle Fächer
Hedley Harding,179,,,,,,,,,1.0,2.0,Klasse 1a,Mathematik,,,,Alle Fächer
Quail Meadows,180,,,,,,,,,1.0,2.0,Klasse 1a,Organisation,,,,Alle Fächer
Quail Meadows,180,,,,,,,,,1.0,2.0,Klasse 1a,Mathematik,,,,Alle Fächer
Bruno Baird,181,,,,,,,,,1.0,2.0,Klasse 1a,Organisation,,,,Alle Fächer
Bruno Baird,181,,,,,,,,,1.0,2.0,Klasse 1a,Mathematik,,,,Alle Fächer
Britanni Miller,182,,,,,,,,,1.0,2.0,Klasse 1a,Organisation,,,,Alle Fächer
Britanni Miller,182,,,,,,,,,1.0,2.0,Klasse 1a,Mathematik,,,,Alle Fächer
